{
    "position_in_meters": {
        "x": 0.002765357922087548,
        "y": -0.07156666198533251,
        "z": 0.3472758644466455
    },
    "rotation_euler_xyz_in_radians": {
        "roll": -1.5707963267948966,
        "pitch": 0.0,
        "yaw": -1.6548277886165215
    }
}