{
    "position_in_meters": {
        "x": 0.00015612536893160582,
        "y": 0.03931388451739415,
        "z": 0.26045292615890503
    },
    "rotation_euler_xyz_in_radians": {
        "roll": -1.5707963267948966,
        "pitch": 2.220446049250313e-16,
        "yaw": 3.1376214217943916
    }
}