{
    "position_in_meters": {
        "x": 0.16463196277618408,
        "y": -0.0542546845972538,
        "z": 0.36542296409606934
    },
    "rotation_euler_xyz_in_radians": {
        "roll": -1.5707963267948963,
        "pitch": 2.220446049250313e-16,
        "yaw": 1.252453415930163
    }
}