{
    "position_in_meters": {
        "x": 0.09163101762533188,
        "y": 0.05916154384613037,
        "z": 0.4244401454925537
    },
    "rotation_euler_xyz_in_radians": {
        "roll": -1.5707963267948963,
        "pitch": 2.220446049250313e-16,
        "yaw": -0.9974853582982954
    }
}