{
    "position_in_meters": {
        "x": 0.00583619377182168,
        "y": -0.030024062438539494,
        "z": 0.4231864809989929
    },
    "rotation_euler_xyz_in_radians": {
        "roll": -1.5707963267948966,
        "pitch": 2.220446049250313e-16,
        "yaw": 0.19198965926617284
    }
}