{
    "position_in_meters": {
        "x": -0.0016139222369692258,
        "y": -0.003063822312569242,
        "z": 0.43767237663269043
    },
    "rotation_euler_xyz_in_radians": {
        "roll": -1.5707963267948966,
        "pitch": 2.220446049250313e-16,
        "yaw": -0.48483164420257474
    }
}