{
    "position_in_meters": {
        "x": -0.022105490914884722,
        "y": -0.02506635377008229,
        "z": 0.48562106490135193
    },
    "rotation_euler_xyz_in_radians": {
        "roll": -1.5707963267948966,
        "pitch": 4.440892098500626e-16,
        "yaw": -0.7227128122542076
    }
}