{
    "position_in_meters": {
        "x": -0.02070533772964742,
        "y": -0.004206551989117376,
        "z": 0.25333958864212036
    },
    "rotation_euler_xyz_in_radians": {
        "roll": -1.5707963267948966,
        "pitch": 0.0,
        "yaw": -1.3703615823265296
    }
}