{
    "position_in_meters": {
        "x": -0.0014526790470666129,
        "y": -0.0003039895140385801,
        "z": 0.5296170115470886
    },
    "rotation_euler_xyz_in_radians": {
        "roll": -1.5707963267948966,
        "pitch": 2.220446049250313e-16,
        "yaw": -1.36451173148494
    }
}