{
    "position_in_meters": {
        "x": -0.00478916077344366,
        "y": 0.015045099937688863,
        "z": 0.4433998465538025
    },
    "rotation_euler_xyz_in_radians": {
        "roll": -1.5707963267948966,
        "pitch": 2.220446049250313e-16,
        "yaw": -2.8334141238719983
    }
}