{
    "position_in_meters": {
        "x": -0.005208313904845359,
        "y": 0.02344225861158488,
        "z": 0.43470725417137146
    },
    "rotation_euler_xyz_in_radians": {
        "roll": -1.5707963267948966,
        "pitch": 0.0,
        "yaw": 0.2186251689415014
    }
}