{
    "position_in_meters": {
        "x": -0.0687496244154758,
        "y": -0.04142074983734299,
        "z": 0.4210609495639801
    },
    "rotation_euler_xyz_in_radians": {
        "roll": -1.5707963267948966,
        "pitch": 2.220446049250313e-16,
        "yaw": -1.0285502110443763
    }
}