{
    "position_in_meters": {
        "x": -0.024906211068171633,
        "y": 0.0052876423118518616,
        "z": 0.5294563174247742
    },
    "rotation_euler_xyz_in_radians": {
        "roll": -1.5707963267948963,
        "pitch": 2.220446049250313e-16,
        "yaw": -1.7799924162024998
    }
}