{
    "position_in_meters": {
        "x": -0.002519768511530349,
        "y": -6.941682948558014e-05,
        "z": 0.8996360588329885
    },
    "rotation_euler_xyz_in_radians": {
        "roll": 2.145644990105254,
        "pitch": -1.56875314917438,
        "yaw": -0.5798148111198332
    }
}