{
    "position_in_meters": {
        "x": -4.5590331844078286e-20,
        "y": -0.4526449165994,
        "z": 2.556335160397625e-19
    },
    "rotation_euler_xyz_in_radians": {
        "roll": -0.004998813658707246,
        "pitch": 0.0001020036788943468,
        "yaw": -1.5664810711963386
    }
}