{
    "position_in_meters": {
        "x": 0.0,
        "y": 0.4526449165994,
        "z": 1.0841998233840066e-19
    },
    "rotation_euler_xyz_in_radians": {
        "roll": -6.860134471264878e-06,
        "pitch": -0.0020816536496985893,
        "yaw": -1.5675008147906446
    }
}