{
    "position_in_meters": {
        "x": 0.13659375837621757,
        "y": -0.3711140879908665,
        "z": 0.5953347512724002
    },
    "rotation_euler_xyz_in_radians": {
        "roll": -3.140802031523411,
        "pitch": -0.00409061618471207,
        "yaw": -1.5731280879246676
    }
}