{
    "position_in_meters": {
        "x": -0.0023050124541739536,
        "y": 0.0001393141118524177,
        "z": 0.8998809840150805
    },
    "rotation_euler_xyz_in_radians": {
        "roll": 1.7890470120181732,
        "pitch": -1.568820510909534,
        "yaw": -0.223173311572049
    }
}