{
    "position_in_meters": {
        "x": -1.3287888129901646,
        "y": -0.0068058038140563215,
        "z": 0.8604232635521637
    },
    "rotation_euler_xyz_in_radians": {
        "roll": -1.9274271175342235,
        "pitch": 0.006832691319229145,
        "yaw": -1.558635646785259
    }
}