{
    "position_in_meters": {
        "x": -0.398631860805827,
        "y": -0.2798146961231449,
        "z": 0.9016346586235507
    },
    "rotation_euler_xyz_in_radians": {
        "roll": 0.36373649204251857,
        "pitch": 1.5663187678376302,
        "yaw": 1.930678785955974
    }
}