{
    "position_in_meters": {
        "x": -0.4013520623604062,
        "y": 0.2804586577400696,
        "z": 0.899400274590087
    },
    "rotation_euler_xyz_in_radians": {
        "roll": -2.4094198436480307,
        "pitch": -1.5679615246781662,
        "yaw": -2.308237209812584
    }
}