{
    "position_in_meters": {
        "x": -1.3044313379641588,
        "y": 0.02674518353635602,
        "z": 0.9266801808276479
    },
    "rotation_euler_xyz_in_radians": {
        "roll": -1.9760258764979506,
        "pitch": 0.003413526105369158,
        "yaw": -1.5848662024427904
    }
}