{
    "position_in_meters": {
        "x": 0.13797445537904665,
        "y": -0.36903884669299714,
        "z": 0.5955059406418134
    },
    "rotation_euler_xyz_in_radians": {
        "roll": 3.1400967225696568,
        "pitch": 0.001507463302558243,
        "yaw": -1.573737008713318
    }
}