{
    "position_in_meters": {
        "x": -0.4010664295603457,
        "y": 0.4028625806044259,
        "z": 0.8994812836987628
    },
    "rotation_euler_xyz_in_radians": {
        "roll": -2.523418217438213,
        "pitch": -1.5680561590639492,
        "yaw": -2.1942401633598183
    }
}