{
    "position_in_meters": {
        "x": -0.39892999335862855,
        "y": -0.40186962198992776,
        "z": 0.9014421042871702
    },
    "rotation_euler_xyz_in_radians": {
        "roll": 0.6551184996141619,
        "pitch": 1.5661047907654444,
        "yaw": 2.222662128049741
    }
}