{
    "position_in_meters": {
        "x": 0.0,
        "y": 0.4581449310111085,
        "z": 0.0
    },
    "rotation_euler_xyz_in_radians": {
        "roll": 5.1016762252609205e-05,
        "pitch": 0.009973049976045312,
        "yaw": -1.565680824203902
    }
}