{
    "image_resolution": {
        "width": 2208,
        "height": 1242
    },
    "focal_lengths_in_pixels": {
        "fx": 1048.748291015625,
        "fy": 1048.748291015625
    },
    "principal_point_in_pixels": {
        "cx": 1104.63525390625,
        "cy": 621.6848754882812
    }
}