{
    "position_in_meters": {
        "x": -0.40148005972399325,
        "y": 0.20245057040905295,
        "z": 0.8994134708768696
    },
    "rotation_euler_xyz_in_radians": {
        "roll": -2.7813069985109147,
        "pitch": -1.568342098364725,
        "yaw": -1.9362498554204324
    }
}