{
    "position_in_meters": {
        "x": 8.672998145117222e-19,
        "y": -0.4581449310111085,
        "z": 1.734723475976807e-18
    },
    "rotation_euler_xyz_in_radians": {
        "roll": -0.0027810511178444353,
        "pitch": -0.005564704836253487,
        "yaw": -1.565891815535045
    }
}