{
    "position_in_meters": {
        "x": -0.3988562314754513,
        "y": -0.2018380761861866,
        "z": 0.9018410284374204
    },
    "rotation_euler_xyz_in_radians": {
        "roll": 0.21891651007353552,
        "pitch": 1.565813523638497,
        "yaw": 1.7863242564564241
    }
}