{
    "position_in_meters": {
        "x": 0.002100307470352461,
        "y": 0.06517101227424686,
        "z": 0.22694596692780256
    },
    "rotation_euler_xyz_in_radians": {
        "roll": -1.5707963267948966,
        "pitch": 2.220446049250313e-16,
        "yaw": -1.2762737839284006
    }
}