{
    "position_in_meters": {
        "x": -0.04212870503125832,
        "y": -0.020237136584946067,
        "z": 0.5476560864487647
    },
    "rotation_euler_xyz_in_radians": {
        "roll": -1.5707963267948966,
        "pitch": 4.440892098500626e-16,
        "yaw": 2.9046918230124277
    }
}