{
    "position_in_meters": {
        "x": -0.002284231041291677,
        "y": 0.00013722780950664593,
        "z": 0.8998683326210413
    },
    "rotation_euler_xyz_in_radians": {
        "roll": 1.8006363983317049,
        "pitch": -1.5688484460520784,
        "yaw": -0.2347225341522381
    }
}