{
    "position_in_meters": {
        "x": 0.1365852827253968,
        "y": -0.3711022532661575,
        "z": 0.5953274849747984
    },
    "rotation_euler_xyz_in_radians": {
        "roll": -3.140846106859692,
        "pitch": -0.004172418897265828,
        "yaw": -1.5731510358358975
    }
}